,RD_vote_r,RD_dist_diff
2006,1.2295495162285435,0
2010,1.2650508473147646,2
2014,1.4139249026288059,1
2018,0.9661276822369197,-1
