,RD_vote_r,Class
1998,2.5309457024096735,3
2000,3.83558994197,1
2004,3.7214980210478434,3
2006,1.2262426201665009,1
2010,1.6986424238738806,3
2012,1.0655207410794738,1
2016,1.3185625142424933,3
2018,0.9530685920577617,1
