Year,RD_vote_r,State
2002,1.3697154700000198,AL
2006,1.2498874605115866,AL
2010,2.182670297906468,AL
2014,2.123596894177789,AL
2018,1.4376833503514874,AL
