,RD_vote_r,RD_dist_diff
2006,0.7770714609677218,-3
2010,1.0807261919815194,5
2014,1.2491227137750631,8
2018,0.8133182681975105,0
2002,1.3786003195752836,5
