,RD_vote_r,Class
2004,1.2531799911401527,3
2006,0.7040490032528425,1
2010,1.041170185907028,3
2012,0.8304633271595213,1
2016,1.0302581629675547,3
2018,0.7685723337461479,1
